[
  {
    "name": "ASC Recycling",
    "website": "http://ascrecycling.com/",
    "street_address": "",
    "city": "",
    "region": "",
    "postal_code": "",
    "country": "United States",
    "phones": [
      "(408) 460-4633",
      "(408) 280-1888"
    ],
    "emails": [],
    "whatsapp": [],
    "social_links": [],
    "opening_hours": "",
    "materials": [],
    "material_prices": [],
    "description": ""
  },
  {
    "name": "Quality Auto & Truck Parts",
    "website": "http://www.actionautosanjose.com/",
    "street_address": "242 Hillcap Avenue",
    "city": "San Jose",
    "region": "CA",
    "postal_code": "95136",
    "country": "United States",
    "phones": [
      "(800) 606-9732",
      "(408) 225-5553"
    ],
    "emails": [],
    "whatsapp": [],
    "social_links": [],
    "opening_hours": "",
    "materials": [
      "Auto Parts"
    ],
    "material_prices": [],
    "description": ""
  },
  {
    "name": "SCRAP IRON & NON-FERROUS METALS",
    "website": "https://www.kramermetals.com/",
    "street_address": "1760 E. Slauson Avenue",
    "city": "Los Angeles",
    "region": "CA",
    "postal_code": "90058",
    "country": "United States",
    "phones": [
      "(323) 587-2277"
    ],
    "emails": [],
    "whatsapp": [],
    "social_links": [],
    "opening_hours": "",
    "materials": [
      "Iron",
      "Steel",
      "Scrap Metal",
      "Electronic",
      "Appliance"
    ],
    "material_prices": [],
    "description": ""
  },
  {
    "name": "C & M Metals is a provider ofScrap Metal Recycling and Metal Trading Services",
    "website": "https://cmmetals.net/",
    "street_address": "1709 E. 24th St.",
    "city": "Los Angeles",
    "region": "CA",
    "postal_code": "90058",
    "country": "United States",
    "phones": [
      "(323) 234-5844",
      "(323) 234-4662"
    ],
    "emails": [
      "sales@cmmetals.net"
    ],
    "whatsapp": [],
    "social_links": [],
    "opening_hours": "",
    "materials": [
      "Iron",
      "Steel",
      "Scrap Metal",
      "Electronic",
      "Aluminum",
      "Copper"
    ],
    "material_prices": [],
    "description": "C and M Metals has been one of the pioneers in the recycling of secondary metals and scrap metal waste for over 50 years."
  },
  {
    "name": "Allied Auto Recycling Yard - Quality Used Parts - We Buy Cars - Riverside, CA",
    "website": "https://www.alliedautosalvage.com/",
    "street_address": "1926 Spruce St.",
    "city": "Riverside",
    "region": "CA",
    "postal_code": "92507",
    "country": "United States",
    "phones": [
      "(877) 784-0057",
      "(951) 784-0057"
    ],
    "emails": [],
    "whatsapp": [],
    "social_links": [],
    "opening_hours": "Store Hours: Mon - Fri 8:00am - 5:00pm",
    "materials": [
      "Auto Parts"
    ],
    "material_prices": [],
    "description": "Allied Auto Recycling Yard - Quality Used Parts - We Buy Cars - Riverside, CA"
  },
  {
    "name": "10 Boat Salvage Yards in California",
    "website": "https://maritimepage.com/boat-salvage-yards-in-california/",
    "street_address": "1500 Newport Blvd",
    "city": "Costa Mesa",
    "region": "CA",
    "postal_code": "92627",
    "country": "United States",
    "phones": [
      "(707) 762-7251",
      "(510) 467-0215",
      "(310) 548-5348"
    ],
    "emails": [],
    "whatsapp": [],
    "social_links": [],
    "opening_hours": "",
    "materials": [
      "Iron",
      "Battery",
      "Lead",
      "Electronic"
    ],
    "material_prices": [],
    "description": "Discover top boat salvage yards in California, featuring options for used boat parts, marine scrap yards, and expert marine salvage services."
  },
  {
    "name": "SERVICES",
    "website": "https://sandiegocountyrecycling.com/services",
    "street_address": "3974 Spring Drive",
    "city": "Spring Valley",
    "region": "CA",
    "postal_code": "91977",
    "country": "United States",
    "phones": [
      "(619) 741-9780"
    ],
    "emails": [],
    "whatsapp": [],
    "social_links": [],
    "opening_hours": "",
    "materials": [
      "Copper"
    ],
    "material_prices": [],
    "description": "We offer the best prices in San Diego.  Conveniently located in Spring Valley  94 & Bancroft Exit Nearest recycling center to the exit"
  },
  {
    "name": "All Arizona Auto Parts",
    "website": "https://autopartsaz.com/",
    "street_address": "40 years of auto experience between them. They are dedicated to finding high-quality replacement parts for each of our customers. We Have",
    "city": "You CoveredWelco",
    "region": "ME",
    "postal_code": "",
    "country": "United States",
    "phones": [
      "(602) 840-3263"
    ],
    "emails": [],
    "whatsapp": [],
    "social_links": [],
    "opening_hours": "",
    "materials": [
      "Auto Parts"
    ],
    "material_prices": [],
    "description": "Arizona Ford Parts, Ltd. Specializing in all makes all models"
  },
  {
    "name": "Trusted Scrap Metal Recycling in San Diego, CA",
    "website": "https://sandiegocountyrecycling.com/metal-recycling",
    "street_address": "3974 Spring Drive",
    "city": "Spring Valley",
    "region": "CA",
    "postal_code": "91977",
    "country": "United States",
    "phones": [
      "(619) 741-9780"
    ],
    "emails": [],
    "whatsapp": [],
    "social_links": [],
    "opening_hours": "",
    "materials": [
      "Iron",
      "Scrap Metal"
    ],
    "material_prices": [],
    "description": "At San Diego County Recycling, we believe in responsible metal recycling. Reach out to our team today in San Diego, CA, for more helpful services."
  },
  {
    "name": "Best Recycling Prices in Sacramento",
    "website": "https://recyclingcenternear.com/",
    "street_address": "8110 Junipero St",
    "city": "Sacramento",
    "region": "CA",
    "postal_code": "95828",
    "country": "United States",
    "phones": [
      "(916) 827-3931"
    ],
    "emails": [],
    "whatsapp": [],
    "social_links": [],
    "opening_hours": "",
    "materials": [
      "Iron",
      "Steel",
      "Brass",
      "Scrap Metal",
      "Stainless Steel",
      "Aluminum",
      "Copper",
      "Appliance"
    ],
    "material_prices": [],
    "description": "Best Recycling Prices in Sacramento. CRV Materials, Scrap Materials, Cans, Glass, Plastic and Copper, Wires, Brass, Aluminum, Stainless Steel. Call Now!"
  },
  {
    "name": "Home - Universal Service Recycling, Inc.",
    "website": "https://usrscrap.com/new/",
    "street_address": "3200 South El Dorado StreetSt",
    "city": "ockton",
    "region": "CA",
    "postal_code": "95206",
    "country": "United States",
    "phones": [],
    "emails": [
      "info@usrscrap.com"
    ],
    "whatsapp": [],
    "social_links": [],
    "opening_hours": "",
    "materials": [
      "Iron",
      "Scrap Metal"
    ],
    "material_prices": [],
    "description": ""
  },
  {
    "name": "Scrap Metal Disposal",
    "website": "https://www.1800gotjunk.com/us_en/locations/junk-removal-sanfrancisco/scrap-metal",
    "street_address": "",
    "city": "",
    "region": "",
    "postal_code": "",
    "country": "United States",
    "phones": [
      "(800) 468-5865",
      "(866) 877-3033",
      "(800) 619-2981"
    ],
    "emails": [],
    "whatsapp": [],
    "social_links": [],
    "opening_hours": "",
    "materials": [
      "Iron",
      "Steel",
      "Brass",
      "Scrap Metal",
      "Aluminum",
      "Copper",
      "Appliance"
    ],
    "material_prices": [],
    "description": "Looking for fast scrap metal disposal in San Francisco? 1-800-GOT-JUNK? provides same-day pickup and responsible recycling for all scrap metal types. Book now!"
  },
  {
    "name": "Metal recycling center in Los Angeles",
    "website": "https://forscrap.com/",
    "street_address": "20749 Prairie St",
    "city": "Chatsworth",
    "region": "CA",
    "postal_code": "91311",
    "country": "United States",
    "phones": [
      "(818) 357-7581",
      "(866) 567-2727"
    ],
    "emails": [
      "info@forscrap.com"
    ],
    "whatsapp": [],
    "social_links": [],
    "opening_hours": "",
    "materials": [
      "Steel",
      "Brass",
      "Scrap Metal",
      "Stainless Steel",
      "Aluminum",
      "Copper"
    ],
    "material_prices": [],
    "description": "Looking for the nearest scrap yard near you? Greener Recycling is your Los Angeles, CA mobile metal scrap yard to sell your copper, brass and other non-ferrous metals for TOP $. Call our recycling center for quote and pick up now: (866)567-27-27"
  },
  {
    "name": "eBay",
    "website": "https://abcautowreckingaz.com/",
    "street_address": "12344302 E. Illinois Street",
    "city": "Tucson",
    "region": "AZ",
    "postal_code": "85714",
    "country": "United States",
    "phones": [
      "(520) 294-1234"
    ],
    "emails": [],
    "whatsapp": [],
    "social_links": [],
    "opening_hours": "",
    "materials": [
      "Auto Parts"
    ],
    "material_prices": [],
    "description": "Tucson, AZ | Browse & Buy Online"
  },
  {
    "name": "California Scrap Metal Buyers & Recycling Centers",
    "website": "https://scrapvisor.com/california/",
    "street_address": "0\n\n\n\n\n\n\n\n\nFNG Recycling and E-waste Handlers\n2711 N Wilmington Ave",
    "city": "Compton",
    "region": "CA",
    "postal_code": "90222",
    "country": "United States",
    "phones": [
      "(323) 794-9532",
      "(707) 642-5408",
      "(909) 978-3075"
    ],
    "emails": [],
    "whatsapp": [],
    "social_links": [],
    "opening_hours": "",
    "materials": [
      "Iron",
      "Steel",
      "Catalytic Converter",
      "Brass",
      "Scrap Metal",
      "Zinc",
      "Stainless Steel",
      "Aluminum",
      "Lead",
      "Copper"
    ],
    "material_prices": [],
    "description": "Find trusted scrap metal buyers and recycling centers in California. View up-to-date scrap metal prices, explore our interactive map of local scrap yards, and connect with reputable companies for fast and profitable scrap sales."
  },
  {
    "name": "Bins and Containers",
    "website": "https://atlasironandmetal.com/bins-and-containers/",
    "street_address": "10019 S Alameda Street",
    "city": "Los Angeles",
    "region": "CA",
    "postal_code": "90002",
    "country": "United States",
    "phones": [
      "(323) 566-5184",
      "(800) 540-5184",
      "(566) 518-4800"
    ],
    "emails": [],
    "whatsapp": [],
    "social_links": [],
    "opening_hours": "",
    "materials": [
      "Iron",
      "Steel",
      "Scrap Metal",
      "Copper",
      "Appliance"
    ],
    "material_prices": [],
    "description": "Atlas Iron & Metal Co. provides bin & container services for recycling scrap metal in Los Angeles. Recycle debris, metal, copper, stainless steel & automotive scrap."
  },
  {
    "name": "PROFESSIONAL CRV RECYCLING SERVICESSERVING SOUTH SAN DIEGO COUNTY AND LOCATED IN CHULA VISTA, CA",
    "website": "https://www.mikesrecycling.net/",
    "street_address": "2688 3151 Main St",
    "city": "Chula Vista",
    "region": "CA",
    "postal_code": "91911",
    "country": "United States",
    "phones": [
      "(619) 426-2688"
    ],
    "emails": [],
    "whatsapp": [],
    "social_links": [],
    "opening_hours": "",
    "materials": [
      "Iron",
      "Scrap Metal"
    ],
    "material_prices": [],
    "description": "Mike's Recycling is your local provider of professional recycling services in Chula Vista, CA and the surrounding areas. Give us a call today!"
  },
  {
    "name": "California JUNKYARDS & SALVAGE YARDS",
    "website": "https://www.rustysautosalvage.com/california.html",
    "street_address": "660    Ford Expl",
    "city": "orer  Ye",
    "region": "AR",
    "postal_code": "",
    "country": "United States",
    "phones": [
      "(866) 439-4401"
    ],
    "emails": [],
    "whatsapp": [],
    "social_links": [],
    "opening_hours": "",
    "materials": [
      "Iron",
      "Copper",
      "Scrap Metal"
    ],
    "material_prices": [],
    "description": "Our network of California junkyards and auto salvage yards will pay you cash for your junk car on the spot and offer free junk car removal in all of CA."
  },
  {
    "name": "Scrap Metal Recycling & Pick Up",
    "website": "https://junkremovalguysofsanfrancisco.com/scrap-metal-recycling-pick-up/",
    "street_address": "2265 Market St",
    "city": "San Francisco",
    "region": "CA",
    "postal_code": "94114",
    "country": "United States",
    "phones": [
      "(415) 943-5998"
    ],
    "emails": [],
    "whatsapp": [],
    "social_links": [],
    "opening_hours": "",
    "materials": [
      "Iron",
      "Steel",
      "Brass",
      "Scrap Metal",
      "Zinc",
      "Electronic",
      "Aluminum",
      "Lead",
      "Copper",
      "Appliance"
    ],
    "material_prices": [],
    "description": "Table of Contents Scrap metal comes in all sizes, shapes, and weights. It is unfortunate when you are left dealing with a pile of scrap metal. This is especially true for people with minimal removal and disposal resources. Fortunately, scrap metal is not that difficult to dispose of because it…"
  },
  {
    "name": "California",
    "website": "https://iscrapapp.com/yards-in/california/",
    "street_address": "92029\t\t\t\t\n\n\n\n\nView Yard Profile\n\n\n\n\n\n\n\n\nPREMIUM YARD\nCASS Inc\n\n\t\t\t\t2730 Peralta Street",
    "city": "Oakla",
    "region": "ND",
    "postal_code": "",
    "country": "United States",
    "phones": [],
    "emails": [],
    "whatsapp": [],
    "social_links": [],
    "opening_hours": "",
    "materials": [
      "Iron",
      "Steel",
      "Catalytic Converter",
      "Brass",
      "Scrap Metal",
      "Zinc",
      "Battery",
      "Stainless Steel",
      "Aluminum",
      "Lead"
    ],
    "material_prices": [],
    "description": "Find the salvage yards and scrap yards listed in California from the iScrap App. Search for current scrap metal prices, request containers, and more within minutes."
  },
  {
    "name": "Scrap Metal and E-Scrap Recycling - R2, ISO 14001, ISO 45001 Certified",
    "website": "https://www.broadwaymetalrecycling.com/",
    "street_address": "3330 W Broadway Rd",
    "city": "Phoenix",
    "region": "AZ",
    "postal_code": "85041",
    "country": "United States",
    "phones": [
      "(602) 795-6328"
    ],
    "emails": [],
    "whatsapp": [],
    "social_links": [],
    "opening_hours": "",
    "materials": [
      "Iron",
      "Electronic",
      "Lead",
      "Scrap Metal"
    ],
    "material_prices": [],
    "description": "Scrap Metal & E-Scrap Recycling"
  },
  {
    "name": "Junkyards in California",
    "website": "https://junkyardsnearme.net/junkyards-california/",
    "street_address": "9365 Glenoaks Blvd",
    "city": "Sun Valley",
    "region": "CA",
    "postal_code": "91352",
    "country": "United States",
    "phones": [],
    "emails": [],
    "whatsapp": [],
    "social_links": [],
    "opening_hours": "",
    "materials": [
      "Iron",
      "Steel",
      "Scrap Metal",
      "Battery",
      "Lead",
      "Auto Parts"
    ],
    "material_prices": [],
    "description": "Click here to find Junkyards in California. Use our CA find to locate the best yards in the state. You can get a free..."
  },
  {
    "name": "Scrap Metal Removal & Scrap Metal Recycling Pick Up Las Vegas NV| MGM Junk Removal",
    "website": "http://www.mgmjunkremoval.com/-scrap-metal-recycling-.html",
    "street_address": "89185  MOST",
    "city": "POPUL",
    "region": "AR",
    "postal_code": "",
    "country": "United States",
    "phones": [],
    "emails": [],
    "whatsapp": [],
    "social_links": [],
    "opening_hours": "",
    "materials": [
      "Iron",
      "Steel",
      "Brass",
      "Scrap Metal",
      "Battery",
      "Stainless Steel",
      "Aluminum",
      "Lead",
      "Electronic",
      "Copper"
    ],
    "material_prices": [],
    "description": ""
  },
  {
    "name": "Nevada Recycling",
    "website": "https://iscrapapp.com/yards/us-nevada-henderson-nevada-recycling/",
    "street_address": "75\nFire Wire\nForktruck Battery\nFSX 414\nFuses\nGold\nHard Drive Boards\nHard Drives\nHard Drives without Boards\nHastelloy Solids\nHastelloy Turnings\nHeliax Wire\nHigh Speed Steel\nHousewire\nIncomplete Car\nInconel\nInconel 792\nInconel 800\nInconel 825\nInk Cartridges\nInsulated Aluminum Wire\nInsulated Copper Cable\nInsulated Copper Wire\nInsulated Steel BX\nInvar\nJunkshop Extrusion\nKeyboard",
    "city": "s\nKov",
    "region": "AR",
    "postal_code": "",
    "country": "United States",
    "phones": [
      "(702) 856-0866"
    ],
    "emails": [],
    "whatsapp": [],
    "social_links": [],
    "opening_hours": "",
    "materials": [
      "Iron",
      "Steel",
      "Catalytic Converter",
      "Brass",
      "Scrap Metal",
      "Zinc",
      "Battery",
      "Stainless Steel",
      "Aluminum",
      "Lead"
    ],
    "material_prices": [],
    "description": "Nevada Recycling, Scrap Metal Yard in Henderson, Nevada"
  },
  {
    "name": "Our Scrap Yard",
    "website": "https://atlasironandmetal.com/our-scrap-yard/",
    "street_address": "10019 S Alameda Street",
    "city": "Los Angeles",
    "region": "CA",
    "postal_code": "90002",
    "country": "United States",
    "phones": [
      "(323) 566-5184",
      "(800) 540-5184",
      "(566) 518-4800"
    ],
    "emails": [],
    "whatsapp": [],
    "social_links": [],
    "opening_hours": "",
    "materials": [
      "Iron",
      "Steel",
      "Copper",
      "Scrap Metal"
    ],
    "material_prices": [],
    "description": "Atlas Iron & Metal Co., a scrap metal company, provides metal scrap yard recycling services in Los Angeles. Recycle metal, copper, stainless steel & automotive scrap. If you're looking for a great wrecking yard in Los Angeles, look no further than Atlas Iron & Metal Co."
  },
  {
    "name": "WILLIS RECYCLING",
    "website": "https://www.willisrecycling.com/",
    "street_address": "",
    "city": "",
    "region": "",
    "postal_code": "",
    "country": "United States",
    "phones": [],
    "emails": [
      "willisrecycling@yahoo.com"
    ],
    "whatsapp": [],
    "social_links": [],
    "opening_hours": "",
    "materials": [
      "Iron",
      "Steel",
      "Stainless Steel",
      "Aluminum",
      "Electronic",
      "Copper"
    ],
    "material_prices": [],
    "description": ""
  },
  {
    "name": "Downtownmetals",
    "website": "http://downtownmetals.com",
    "street_address": "526 S Alameda St.",
    "city": "Los Angeles",
    "region": "CA",
    "postal_code": "90013",
    "country": "United States",
    "phones": [],
    "emails": [],
    "whatsapp": [],
    "social_links": [],
    "opening_hours": "",
    "materials": [
      "Aluminum"
    ],
    "material_prices": [],
    "description": "Welcome to Downtown Metals and Recycling Center. We are your local CRV Recycling \nCenter. We Offer Competitive Pricing and  Outstanding Customer Service. \nGive us a call or come by and recycle your aluminum cans and plastic and \nglass bottles."
  },
  {
    "name": "Westside Auto Recycling!",
    "website": "https://www.westsideautorecycling.com/",
    "street_address": "",
    "city": "",
    "region": "",
    "postal_code": "",
    "country": "United States",
    "phones": [
      "(800) 586-5869",
      "(310) 473-3221"
    ],
    "emails": [
      "westsideautorecycling@gmail.com"
    ],
    "whatsapp": [],
    "social_links": [],
    "opening_hours": "",
    "materials": [],
    "material_prices": [],
    "description": "At Westside Auto Recycling, we have over 25 years of experience. We pay top dollar for your cars, trucks, vans, and SUV's. Call 310-473-3221 today."
  },
  {
    "name": "Junkyards in Nevada",
    "website": "https://www.usedpart.us/used-auto-parts/nevada/",
    "street_address": "",
    "city": "",
    "region": "",
    "postal_code": "",
    "country": "United States",
    "phones": [
      "(800) 646-4790"
    ],
    "emails": [
      "sales@usedpart.us"
    ],
    "whatsapp": [],
    "social_links": [],
    "opening_hours": "",
    "materials": [
      "Battery",
      "Auto Parts"
    ],
    "material_prices": [],
    "description": "✓ IN STOCKMarshall's Auto Parts IncGet a PriceCall For A QuoteAbout This Yard"
  },
  {
    "name": "Media",
    "website": "https://calmetalrecyclers.com/media/",
    "street_address": "404\n\n\n\n\n\nGot a quest",
    "city": "ion",
    "region": "OR",
    "postal_code": "",
    "country": "United States",
    "phones": [],
    "emails": [],
    "whatsapp": [],
    "social_links": [],
    "opening_hours": "",
    "materials": [
      "Iron",
      "Copper",
      "Scrap Metal"
    ],
    "material_prices": [],
    "description": ""
  },
  {
    "name": "Henderson, Nevada",
    "website": "https://www.autowrecking.com/locations/henderson",
    "street_address": "1701 Athol St.",
    "city": "Henderson",
    "region": "NV",
    "postal_code": "89011",
    "country": "United States",
    "phones": [
      "(855) 339-1932",
      "(702) 551-8686"
    ],
    "emails": [],
    "whatsapp": [],
    "social_links": [],
    "opening_hours": "Store Hours Monday - Friday 8 am - 5 pm",
    "materials": [],
    "material_prices": [],
    "description": "Quality used car & truck parts, engines, and transmissions from our vehicle salvage yards. Do it yourself for less with recycled auto parts—the B&R way!"
  },
  {
    "name": "Junkyards in Arizona",
    "website": "https://junkyardsnearme.net/junkyards-in-arizona/",
    "street_address": "85120\nABC Auto Wrecking Used Auto Parts 4302 E Illinois St",
    "city": "Tucson",
    "region": "AZ",
    "postal_code": "85714",
    "country": "United States",
    "phones": [],
    "emails": [],
    "whatsapp": [],
    "social_links": [],
    "opening_hours": "",
    "materials": [
      "Iron",
      "Steel",
      "Scrap Metal",
      "Battery",
      "Auto Parts"
    ],
    "material_prices": [],
    "description": "Find junkyards in Arizona. Our site maps junkyards in Arizona and helps you find used parts cheap. You can get a free..."
  },
  {
    "name": "Las Vegas, Nevada",
    "website": "https://www.autowrecking.com/locations/lasvegas",
    "street_address": "4540 Smiley Rd.",
    "city": "Las Vegas",
    "region": "NV",
    "postal_code": "89115",
    "country": "United States",
    "phones": [
      "(800) 578-6787",
      "(855) 339-1932",
      "(702) 643-1771"
    ],
    "emails": [],
    "whatsapp": [],
    "social_links": [],
    "opening_hours": "Store Hours Monday - Friday 8 am - 5 pm",
    "materials": [],
    "material_prices": [],
    "description": "Quality used car & truck parts, engines, and transmissions from our vehicle salvage yards. Do it yourself for less with recycled auto parts—the B&R way!"
  },
  {
    "name": "Standard Auto Recycling",
    "website": "http://standardautorecycling.com/",
    "street_address": "2000 Nissan. I gave",
    "city": "it sever",
    "region": "AL",
    "postal_code": "",
    "country": "United States",
    "phones": [
      "(555) 428-0940"
    ],
    "emails": [],
    "whatsapp": [],
    "social_links": [],
    "opening_hours": "",
    "materials": [
      "Auto Parts"
    ],
    "material_prices": [],
    "description": "Serving cheap auto parts to the greater San Diego area with over 40 years of experience, Reliable and cheap auto parts."
  },
  {
    "name": "Scrap Metal Recycling Los Angeles - Smart Recycling Inc.",
    "website": "https://smartrecycling.com/scrap-metal-recycling-los-angeles/",
    "street_address": "414 West C Street",
    "city": "Wilmington",
    "region": "CA",
    "postal_code": "90744",
    "country": "United States",
    "phones": [
      "(310) 830-8277",
      "(310) 834-4861"
    ],
    "emails": [],
    "whatsapp": [],
    "social_links": [],
    "opening_hours": "",
    "materials": [
      "Iron",
      "Steel",
      "Brass",
      "Scrap Metal",
      "Aluminum",
      "Lead",
      "Copper"
    ],
    "material_prices": [],
    "description": "Los Angeles Scrap Metal Recycling"
  },
  {
    "name": "JunkYards inSan Jose (California)",
    "website": "https://usjunkyards.com/st-california/cy-santa-clara/ci-san-jose/",
    "street_address": "",
    "city": "",
    "region": "",
    "postal_code": "",
    "country": "United States",
    "phones": [
      "(888) 871-4488",
      "(888) 853-0481"
    ],
    "emails": [],
    "whatsapp": [],
    "social_links": [],
    "opening_hours": "",
    "materials": [
      "Battery",
      "Auto Parts",
      "Scrap Metal"
    ],
    "material_prices": [],
    "description": "Explore detailed information on JunkYards near you in San Jose, CA. Visit this page to locate car salvage yards where you can sell your car or find auto parts."
  },
  {
    "name": "Professional Scrap Metal Removal Services – Fast, Eco‑Friendly & Hassle‑Free",
    "website": "https://www.movenhaul.com/scrap-metal-removal",
    "street_address": "6 Expert - Waste Fast",
    "city": "AboutServicesBo",
    "region": "OK",
    "postal_code": "",
    "country": "United States",
    "phones": [
      "(415) 416-0817"
    ],
    "emails": [
      "info@movenhaul.com",
      "416-0817info@movenhaul.common"
    ],
    "whatsapp": [],
    "social_links": [],
    "opening_hours": "",
    "materials": [
      "Iron",
      "Scrap Metal",
      "Electronic",
      "Copper",
      "Appliance"
    ],
    "material_prices": [],
    "description": "Need scrap metal removal in San Francisco? MovenHaul delivers fast, eco‑friendly hauling for appliances, construction debris, and all types of metal scrap—safe, affordable, and same‑day service."
  },
  {
    "name": "Home",
    "website": "https://www.scrap-sf.org/",
    "street_address": "834 Toland St",
    "city": "San Francisco",
    "region": "CA",
    "postal_code": "94124",
    "country": "United States",
    "phones": [],
    "emails": [
      "donate@scrap-sf.org",
      "usscrap@scrap-sf.orgfollow",
      "scrap@scrap-sf.org"
    ],
    "whatsapp": [],
    "social_links": [],
    "opening_hours": "",
    "materials": [
      "Iron"
    ],
    "material_prices": [],
    "description": ""
  },
  {
    "name": "Process of Disposing Scrap Metal & Recycling in Chula Vista, CA",
    "website": "http://www.rileyrecycling.com/",
    "street_address": "2817 Main St",
    "city": "Chu",
    "region": "LA",
    "postal_code": "",
    "country": "United States",
    "phones": [],
    "emails": [],
    "whatsapp": [],
    "social_links": [],
    "opening_hours": "",
    "materials": [
      "Iron",
      "Steel",
      "Scrap Metal",
      "Electronic",
      "Aluminum",
      "Stainless Steel",
      "Precious Metals",
      "Appliance"
    ],
    "material_prices": [],
    "description": ""
  },
  {
    "name": "Best Salvage Yards In Los Angeles",
    "website": "https://www.bestinhood.com/los-angeles/auto-services/best-salvage-yards-in-los-angeles/",
    "street_address": "535 Gallardo St",
    "city": "Los Angeles",
    "region": "CA",
    "postal_code": "90033",
    "country": "United States",
    "phones": [],
    "emails": [],
    "whatsapp": [],
    "social_links": [],
    "opening_hours": "",
    "materials": [
      "Auto Parts",
      "Lead"
    ],
    "material_prices": [],
    "description": "Discover the top salvage yards in Los Angeles! From quality parts to pricing insights, explore our guide for the best automotive deals in the City of Angels."
  },
  {
    "name": "OUR SERVICES",
    "website": "https://www.aim-recycling.com/us/san-diego",
    "street_address": "",
    "city": "",
    "region": "",
    "postal_code": "",
    "country": "United States",
    "phones": [
      "(619) 661-1148"
    ],
    "emails": [
      "info@aim-recycling.com"
    ],
    "whatsapp": [],
    "social_links": [],
    "opening_hours": "",
    "materials": [
      "Iron",
      "Steel",
      "Brass",
      "Electronic",
      "Aluminum",
      "Copper"
    ],
    "material_prices": [],
    "description": "Top Prices Paid Recycling Steel, Iron, Household Appliances, BBQs, Aluminum, Copper, Wires, Brass & More"
  },
  {
    "name": "Full-ServiceHVAC & AC Unit Removal/Recycling.",
    "website": "https://www.rzrrecycling.com/",
    "street_address": "",
    "city": "Phoenix",
    "region": "AZ",
    "postal_code": "85027",
    "country": "United States",
    "phones": [
      "(623) 869-0021"
    ],
    "emails": [
      "hello@rzrrecycling.com"
    ],
    "whatsapp": [],
    "social_links": [],
    "opening_hours": "",
    "materials": [
      "Steel",
      "Catalytic Converter",
      "Brass",
      "Scrap Metal",
      "Aluminum",
      "Lead",
      "Copper",
      "Appliance"
    ],
    "material_prices": [],
    "description": ""
  },
  {
    "name": "High-quality Industrial Metal Supply—Up to 35% off industry price.",
    "website": "https://industrialmetalservice.com/",
    "street_address": "260 Phelan Avenue",
    "city": "San Jose",
    "region": "CA",
    "postal_code": "95112",
    "country": "United States",
    "phones": [],
    "emails": [
      "metalsales@industrialmetalservice.com"
    ],
    "whatsapp": [],
    "social_links": [],
    "opening_hours": "",
    "materials": [
      "Steel",
      "Brass",
      "Zinc",
      "Stainless Steel",
      "Aluminum",
      "Lead",
      "Copper"
    ],
    "material_prices": [],
    "description": "Industrial Metal Service is your trusted Bay Area source for metal sales, metal recycling, and other support services."
  },
  {
    "name": "Junkyards & Auto Salvagein Reno, NV",
    "website": "https://preferredjunkyard.com/nevada/reno/",
    "street_address": "301 Montello St",
    "city": "Reno",
    "region": "NV",
    "postal_code": "89512",
    "country": "United States",
    "phones": [],
    "emails": [],
    "whatsapp": [],
    "social_links": [],
    "opening_hours": "",
    "materials": [
      "Iron",
      "Auto Parts"
    ],
    "material_prices": [],
    "description": "Find Trusted Junkyards and Auto Salvage Yards in Reno, Nevada that Buy Junk Cars and Sell Reliable Used Auto and Truck Parts."
  },
  {
    "name": "materials we buy or recycle",
    "website": "https://sandiegocountyrecycling.com/materials-we-buy",
    "street_address": "3974 Spring Drive",
    "city": "Spring Valley",
    "region": "CA",
    "postal_code": "91977",
    "country": "United States",
    "phones": [
      "(619) 741-9780"
    ],
    "emails": [],
    "whatsapp": [],
    "social_links": [],
    "opening_hours": "",
    "materials": [
      "Iron",
      "Steel",
      "Brass",
      "Scrap Metal",
      "Aluminum",
      "Lead",
      "Copper",
      "Appliance"
    ],
    "material_prices": [],
    "description": "Call or visit us for the top copper and scrap metal prices in San Diego/Spring Valley"
  },
  {
    "name": "Videos",
    "website": "https://calmetalrecyclers.com/videos/",
    "street_address": "404\nSenate Bill 404 will save",
    "city": "met",
    "region": "AL",
    "postal_code": "",
    "country": "United States",
    "phones": [],
    "emails": [],
    "whatsapp": [],
    "social_links": [],
    "opening_hours": "",
    "materials": [
      "Iron",
      "Steel",
      "Scrap Metal",
      "Lead",
      "Copper",
      "Appliance"
    ],
    "material_prices": [],
    "description": ""
  },
  {
    "name": "Sacramento Auto Dismantler | Auto Parts & Car Sales - Martin's Auto Dismantler",
    "website": "https://martinsautodismantler.com/",
    "street_address": "",
    "city": "Sacramento",
    "region": "CA",
    "postal_code": "95828",
    "country": "United States",
    "phones": [
      "(916) 730-8100"
    ],
    "emails": [
      "admin@martinsautodismantler.com",
      "sales@martinsautodismantler.com"
    ],
    "whatsapp": [],
    "social_links": [],
    "opening_hours": "",
    "materials": [
      "Iron",
      "Auto Parts"
    ],
    "material_prices": [],
    "description": "Sacramento's premier auto dismantlers, offering used parts, car sales, and eco-friendly solutions. Book an appointment today!"
  },
  {
    "name": "SCRAP METAL BUYERSSERVING SOUTHERN CALIFORNIA",
    "website": "https://www.sackinmetal.com/",
    "street_address": "15201 Transistor Ln",
    "city": "Huntington Beach",
    "region": "CA",
    "postal_code": "92649",
    "country": "United States",
    "phones": [
      "(714) 891-4505"
    ],
    "emails": [],
    "whatsapp": [],
    "social_links": [],
    "opening_hours": "",
    "materials": [
      "Steel",
      "Scrap Metal",
      "Stainless Steel",
      "Aluminum",
      "Lead",
      "Copper"
    ],
    "material_prices": [],
    "description": "Contact Huntington Beach, CA’s Sackin Metals today at 7148914505 for high-quality metal services! We offer scrap metal buying, selling, and more. Click here!"
  },
  {
    "name": "Metal Recycling",
    "website": "https://atlasironandmetal.com/metal-recycling/",
    "street_address": "10019 S Alameda Street",
    "city": "Los Angeles",
    "region": "CA",
    "postal_code": "90002",
    "country": "United States",
    "phones": [
      "(323) 566-5184",
      "(800) 540-5184",
      "(566) 518-4800"
    ],
    "emails": [],
    "whatsapp": [],
    "social_links": [],
    "opening_hours": "",
    "materials": [
      "Iron",
      "Steel",
      "Scrap Metal",
      "Aluminum",
      "Copper"
    ],
    "material_prices": [],
    "description": "Atlas Iron & Metal Co., a scrap yard, offers scrap metal recycling near you in Los Angeles. We buy metal, copper, aluminum, iron, stainless steel & automotive scrap for cash."
  },
  {
    "name": "iPull-uPull Auto Parts - Sacramento",
    "website": "https://www.yelp.ca/biz/ipull-upull-auto-parts-sacramento-sacramento",
    "street_address": "7600 Stockton Blvd",
    "city": "Sacramento",
    "region": "CA",
    "postal_code": "95823",
    "country": "United States",
    "phones": [],
    "emails": [],
    "whatsapp": [],
    "social_links": [],
    "opening_hours": "",
    "materials": [
      "Auto Parts"
    ],
    "material_prices": [],
    "description": "IPULL-UPULL AUTO PARTS - SACRAMENTO, 7600 Stockton Blvd, Sacramento, CA 95823, United States, 21 Photos, Mon - 9:00 am - 6:00 pm, Tue - 9:00 am - 6:00 pm, Wed - 9:00 am - 6:00 pm, Thu - 9:00 am - 6:00 pm, Fri - 9:00 am - 6:00 pm, Sat - 8:00 am - 6:00 pm, Sun - 8:00 am - 6:00 pm"
  },
  {
    "name": "California Scrap Metal Prices - USA",
    "website": "https://www.priceofscrapmetals.com/california/",
    "street_address": "2 years and law enforcement have the right to inspect these record",
    "city": "s at a",
    "region": "NY",
    "postal_code": "",
    "country": "United States",
    "phones": [],
    "emails": [],
    "whatsapp": [],
    "social_links": [],
    "opening_hours": "",
    "materials": [
      "Iron",
      "Steel",
      "Brass",
      "Scrap Metal",
      "Zinc",
      "Stainless Steel",
      "Aluminum",
      "Lead",
      "Electronic",
      "Precious Metals"
    ],
    "material_prices": [],
    "description": "Find the Latest Scrap Metal Prices in California today. Check the current scrap price for copper, steel, aluminum, brass, gold and other ferrous and non-ferrous materials."
  },
  {
    "name": "San Diego,California Junkyards & Salvage Yards",
    "website": "https://www.rustysautosalvage.com/california/san-diego.html",
    "street_address": "",
    "city": "",
    "region": "",
    "postal_code": "",
    "country": "United States",
    "phones": [
      "(866) 439-4401",
      "(908) 124-1364"
    ],
    "emails": [],
    "whatsapp": [],
    "social_links": [],
    "opening_hours": "",
    "materials": [],
    "material_prices": [],
    "description": "Our network of San Diego California junkyards and auto salvage yards will pay you cash for your junk car on the spot and offer free junk car removal in all of San Diego CA."
  },
  {
    "name": "San Jose, CA Scrap Metal Prices",
    "website": "https://www.priceofscrapmetals.com/california/san-jose/",
    "street_address": "1 million people. It is also the largest",
    "city": "city",
    "region": "IN",
    "postal_code": "",
    "country": "United States",
    "phones": [],
    "emails": [],
    "whatsapp": [],
    "social_links": [],
    "opening_hours": "",
    "materials": [
      "Iron",
      "Steel",
      "Brass",
      "Scrap Metal",
      "Zinc",
      "Stainless Steel",
      "Aluminum",
      "Lead",
      "Electronic",
      "Precious Metals"
    ],
    "material_prices": [],
    "description": "Find the Latest Scrap Metal Prices in San Jose, California today. Check the current scrap price for copper, steel, aluminum, brass, gold and other ferrous and non-ferrous materials."
  },
  {
    "name": "​​​West Side",
    "website": "http://wsrecycling.com/contact.html",
    "street_address": "6449 San Fernando Rd.",
    "city": "Glendale",
    "region": "CA",
    "postal_code": "91201",
    "country": "United States",
    "phones": [],
    "emails": [
      "info@wsrecycling.com",
      "mario@wsrecycling.com"
    ],
    "whatsapp": [],
    "social_links": [],
    "opening_hours": "",
    "materials": [],
    "material_prices": [],
    "description": "6449 San Fernando Rd. Glendale, CA. 91201 Contact us today! Full service scrap metal recycling company."
  },
  {
    "name": "Southern California's premier scrap metal recycling company",
    "website": "https://www.ptmetals.com/",
    "street_address": "38252213 Tyler Ave",
    "city": "South El Monte",
    "region": "CA",
    "postal_code": "91733",
    "country": "United States",
    "phones": [],
    "emails": [
      "scrap@ptmetals.com",
      "91733emailscrap@ptmetals.comhoursmon"
    ],
    "whatsapp": [],
    "social_links": [],
    "opening_hours": "",
    "materials": [
      "Iron",
      "Steel",
      "Brass",
      "Scrap Metal",
      "Stainless Steel",
      "Aluminum",
      "Electronic",
      "Precious Metals",
      "Copper"
    ],
    "material_prices": [],
    "description": "Businesses in Southern CA enjoy tailored recycling solutions with on-site pickups, while residents get fast cash with easy drop-offs at our South El Monte facility."
  },
  {
    "name": "Circosta Iron & Metal",
    "website": "https://iscrapapp.com/yards/us-california-san-francisco-circosta-iron-metal/",
    "street_address": "1801 Evans Avenue",
    "city": "San Francis",
    "region": "CO",
    "postal_code": "",
    "country": "United States",
    "phones": [
      "(415) 282-8568"
    ],
    "emails": [],
    "whatsapp": [],
    "social_links": [],
    "opening_hours": "",
    "materials": [
      "Iron",
      "Steel",
      "Catalytic Converter",
      "Brass",
      "Scrap Metal",
      "Zinc",
      "Battery",
      "Stainless Steel",
      "Aluminum",
      "Lead"
    ],
    "material_prices": [],
    "description": "Circosta Iron & Metal, Scrap Metal Yard in San Francisco, California"
  },
  {
    "name": "Scrap Metal Recycling San Jose",
    "website": "https://flatrate-junkremoval.com/california/san-jose/scrap-metal-recycling-san-jose/",
    "street_address": "000 peopl",
    "city": "e a",
    "region": "ND",
    "postal_code": "",
    "country": "United States",
    "phones": [
      "(800) 299-5865"
    ],
    "emails": [
      "info@flatrate-junkremoval.com",
      "emailinfo@flatrate-junkremoval.com",
      "affordable1-800-299-5865info@flatrate-junkremoval.comhomepricingservicesresidential"
    ],
    "whatsapp": [],
    "social_links": [],
    "opening_hours": "",
    "materials": [
      "Electronic",
      "Scrap Metal",
      "Appliance"
    ],
    "material_prices": [],
    "description": "You’ve got junk, we’ve got the solution. If you’re looking for scrap metal recycling and disposal services in San Jose, Flat Rate Junk Removal is your clear choice – call 1-800-299-5865 today."
  },
  {
    "name": "Scrap Metal Stores | Department of Public Safety",
    "website": "https://www.azdps.gov/services/enforcement-services/scrap/stores",
    "street_address": "2222 W. Encanto Blvd.",
    "city": "Phoenix",
    "region": "AZ",
    "postal_code": "85009",
    "country": "United States",
    "phones": [],
    "emails": [],
    "whatsapp": [],
    "social_links": [],
    "opening_hours": "",
    "materials": [
      "Iron",
      "Copper",
      "Scrap Metal",
      "Appliance"
    ],
    "material_prices": [],
    "description": "Search by Store City"
  },
  {
    "name": "JunkYards and Salvage Yards inArizona (AZ)",
    "website": "https://usjunkyards.com/st-arizona/",
    "street_address": "0481 to sell your car. We make it simpl",
    "city": "e a",
    "region": "ND",
    "postal_code": "",
    "country": "United States",
    "phones": [
      "(888) 853-0481"
    ],
    "emails": [],
    "whatsapp": [],
    "social_links": [],
    "opening_hours": "",
    "materials": [
      "Auto Parts",
      "Scrap Metal"
    ],
    "material_prices": [],
    "description": "Find the nearest car junkyards and salvage yards near you in Arizona ⚡ USJunkYards provides a list of all salvage yards where you can dispose of your car and get Cash."
  },
  {
    "name": "Junk King San Jose's Scrap Metal Pickup Services",
    "website": "https://www.junk-king.com/locations/sanjose/scrap-metal-pickup",
    "street_address": "2005 Junk King was launched as the dependable junk hauling service to clear unwanted clutter from homes and businesses.\n\n\nContact Us Have any quest",
    "city": "ions abo",
    "region": "UT",
    "postal_code": "",
    "country": "United States",
    "phones": [
      "(408) 912-1063",
      "(737) 888-5865",
      "(888) 888-5865"
    ],
    "emails": [],
    "whatsapp": [],
    "social_links": [],
    "opening_hours": "",
    "materials": [
      "Iron",
      "Steel",
      "Brass",
      "Scrap Metal",
      "Electronic",
      "Aluminum",
      "Lead",
      "Copper",
      "Appliance"
    ],
    "material_prices": [],
    "description": "Scrap Metal Pickup | Junk King San Jose can provide you with top-notch scrap metal pickup services in San Jose, CA, and the surrounding areas."
  },
  {
    "name": "SA Recycling Los Angeles South Alameda",
    "website": "https://www.sarecycling.com/yard/sa-recycling-los-angeles-south-alameda/",
    "street_address": "10313 Alameda St",
    "city": "Los Angeles",
    "region": "CA",
    "postal_code": "90002",
    "country": "United States",
    "phones": [
      "(323) 564-5601",
      "(800) 468-7272"
    ],
    "emails": [
      "inquiries.carson-southalameda@sarecycling.com"
    ],
    "whatsapp": [],
    "social_links": [],
    "opening_hours": "",
    "materials": [
      "Iron",
      "Steel",
      "Brass",
      "Scrap Metal",
      "Zinc",
      "Stainless Steel",
      "Aluminum",
      "Lead",
      "Copper",
      "Appliance"
    ],
    "material_prices": [],
    "description": ""
  },
  {
    "name": "Industrial Scrap Metal in San Diego",
    "website": "https://www.industrialscrapmetal.com/california/san-diego-industrial-scrap-metal/",
    "street_address": "200 years later.\n\n\n\n\n\n\n\n\n\n\nProfessional Scrap Metal Recycling Services in San Diego\n\n\n\n\n\n\n\n \n \nMetal Recycling \n\n\n\n \n \nDemolition Contractors\n\n\n\n \n \nCopper Recycling \n\n\n\n\n\n\n\n\n\n\n\n\nAreas We Serve For Industrial Scrap Metal in California\n\nActonAdelantoAgouraAgoura HillsAgua DulceAlhambraAliso ViejoAlondra ParkAlpineAltadenaAnaheimAnzaApple ValleyArcadiaArlanzaArtesiaAtwaterAvalonAvocado HeightsAzusaBaldwin ParkBandiniBanningBarstowBarstow HeightsBeaumontBellBell GardensBellflowerBelvedereBermuda DunesBeverly HillsBig Bear CityBig Bear LakeBig RiverBloomingtonBlytheBonitaBonsallBorrego SpringsBostoniaBoyle HeightsBrandeisBreaBrentwoodBuelltonBuena ParkBurbankCabazonCalabasasCalimesaCamarilloCameron CornersCamp Pendleton NorthCamp Pendleton SouthCampoCanoga ParkCanyon CountryCanyon LakeCardiff-by-the-SeaCarlsbadCarmel ValleyCarpinteriaCarsonCasa ConejoCasa de Oro-Mount HelixCastaicCathedral CityCentury CityCerritosChannel Islands BeachCharter OakChatsworthCherry ValleyChinoChino HillsChula VistaCitrusClaremontCoachellaColtonCommerceComptonCoronaCoronadoCosta MesaCoto De CazaCovinaCowan HeightsCrestCrestlineCudahyCulver CityCypressDana PointDeclezvilleDel AireDel MarDel ReyDescansoDesert EdgeDesert Hot SpringsDesert View HighlandsDiamond BarDove CanyonDowneyDuarteEagle RockEast HemetEast IrvineEast La MiradaEast Los AngelesEast PasadenaEast Rancho DominguezEast San GabrielEast WhittierEastvaleEcho ParkEdenEl CajonEl Cerrito CoronaEl MonteEl RioEl SegundoEl SerenoEncinitasEncinoEscondidoEucalyptus HillsFairbanks RanchFairviewFallbrookFillmoreFlorence-GrahamFontanaFoothill RanchForest FallsFort IrwinFountain ValleyFremontFrench ValleyFullertonGarden GroveGardenaGarnetGlen AvonGlendaleGlendoraGoletaGood HopeGrand TerraceGranite HillsGrapelandGreen AcresGuadalupeHacienda HeightsHarbison CanyonHawaiian GardensHawthorneHelendaleHemetHermosa BeachHesperiaHi VistaHidden HillsHidden MeadowsHighgroveHighlandHighland ParkHillgroveHinkleyHollywoodHome GardensHomelandHope RanchHuntington BeachHuntington ParkIdyllwildIdyllwild-Pine CoveImperial BeachIndian WellsIndioInglewoodIrvineIrwindaleIsla VistaJamulJoshua TreeJurupa ValleyKoreatownKramer Junct",
    "city": "ion",
    "region": "LA",
    "postal_code": "",
    "country": "United States",
    "phones": [],
    "emails": [
      "billy@warank.com"
    ],
    "whatsapp": [],
    "social_links": [],
    "opening_hours": "",
    "materials": [
      "Iron",
      "Steel",
      "Brass",
      "Scrap Metal",
      "Zinc",
      "Electronic",
      "Aluminum",
      "Lead",
      "Copper"
    ],
    "material_prices": [],
    "description": "Largest Scrap Metal Recycling in San Diego, CA by Industrial Scrap Metal, We are expert in Steel Recycling, Scrap Metal Recycling. Contact Industrial Scrap Metal for building demolishing and recycling."
  },
  {
    "name": "Tapatio Auto and Truck Recycling - San Diego Locations",
    "website": "https://www.tapatioauto.com/san-diego-locations/",
    "street_address": "2327 Siempre Viva Ct",
    "city": "San Diego",
    "region": "CA",
    "postal_code": "92154",
    "country": "United States",
    "phones": [
      "(800) 388-9134"
    ],
    "emails": [],
    "whatsapp": [],
    "social_links": [],
    "opening_hours": "",
    "materials": [],
    "material_prices": [],
    "description": "We are located in the city of San Diego California, and we have 3 locations for your convenience including a pick your own used part facility."
  },
  {
    "name": "Nevada JUNKYARDS & SALVAGE YARDS",
    "website": "https://www.rustysautosalvage.com/nevada.html",
    "street_address": "1030    Ford",
    "city": "Edge  Ye",
    "region": "AR",
    "postal_code": "",
    "country": "United States",
    "phones": [
      "(866) 439-4401"
    ],
    "emails": [],
    "whatsapp": [],
    "social_links": [],
    "opening_hours": "",
    "materials": [],
    "material_prices": [],
    "description": "Our network of Nevada junkyards and auto salvage yards will pay you cash for your junk car on the spot and offer free junk car removal in all of NV."
  },
  {
    "name": "circosta@circostametals.com",
    "website": "https://www.circostametals.com/",
    "street_address": "",
    "city": "",
    "region": "",
    "postal_code": "",
    "country": "United States",
    "phones": [
      "(415) 282-8568"
    ],
    "emails": [
      "circosta@circostametals.com"
    ],
    "whatsapp": [],
    "social_links": [],
    "opening_hours": "",
    "materials": [
      "Iron",
      "Scrap Metal"
    ],
    "material_prices": [],
    "description": "Circosta Iron & Metal offers scrap metal recycling services in San Francisco. It is the largest recycling yard in Northern California"
  },
  {
    "name": "Gallery",
    "website": "https://atlasironandmetal.com/gallery/",
    "street_address": "10019 S Alameda Street",
    "city": "Los Angeles",
    "region": "CA",
    "postal_code": "90002",
    "country": "United States",
    "phones": [
      "(323) 566-5184",
      "(800) 540-5184",
      "(566) 518-4800"
    ],
    "emails": [],
    "whatsapp": [],
    "social_links": [],
    "opening_hours": "",
    "materials": [
      "Iron",
      "Steel",
      "Scrap Metal",
      "Stainless Steel",
      "Copper"
    ],
    "material_prices": [],
    "description": "View an image gallery provided by Atlas Iron & Metal Co. to see scrap yard metal recycling & disposal services in Los Angeles. We buy steel, aluminum, cooper & more."
  },
  {
    "name": "San Francisco Salvage Yards, CA",
    "website": "https://iscrapapp.com/scrap-yards/san-francisco-ca-salvage-yards/",
    "street_address": "2730 Peralta Street",
    "city": "Oakla",
    "region": "ND",
    "postal_code": "",
    "country": "United States",
    "phones": [],
    "emails": [],
    "whatsapp": [],
    "social_links": [],
    "opening_hours": "",
    "materials": [
      "Iron",
      "Steel",
      "Catalytic Converter",
      "Brass",
      "Zinc",
      "Battery",
      "Stainless Steel",
      "Aluminum",
      "Lead",
      "Auto Parts"
    ],
    "material_prices": [],
    "description": "Make money from your car by scrapping it for cash. Find the auto part you need for repair and scrap metal prices with San Francisco salvage yards."
  },
  {
    "name": "FREE Nationwide Part Locating and Shipping",
    "website": "http://www.tricountyautoparts.com/",
    "street_address": "3116\n950 Mission Rock Road",
    "city": "Santa Paula",
    "region": "CA",
    "postal_code": "93060",
    "country": "United States",
    "phones": [
      "(805) 647-8440",
      "(805) 933-3116"
    ],
    "emails": [],
    "whatsapp": [],
    "social_links": [],
    "opening_hours": "",
    "materials": [
      "Iron",
      "Auto Parts"
    ],
    "material_prices": [],
    "description": ""
  },
  {
    "name": "JunkYards inSan Francisco (California)",
    "website": "https://usjunkyards.com/st-california/cy-san-francisco/ci-san-francisco/",
    "street_address": "0 Reviews\n\n\n                2895 3rd St",
    "city": "San Francis",
    "region": "CO",
    "postal_code": "",
    "country": "United States",
    "phones": [
      "(888) 871-4488",
      "(888) 853-0481"
    ],
    "emails": [],
    "whatsapp": [],
    "social_links": [],
    "opening_hours": "",
    "materials": [
      "Auto Parts",
      "Scrap Metal"
    ],
    "material_prices": [],
    "description": "Explore detailed information on JunkYards near you in San Francisco, CA. Visit this page to locate car salvage yards where you can sell your car or find auto parts."
  },
  {
    "name": "(775) 461-1280",
    "website": "http://www.recyclingnevada.com/",
    "street_address": "5855 Sheep Dr.",
    "city": "Carson City",
    "region": "NV",
    "postal_code": "89701",
    "country": "United States",
    "phones": [],
    "emails": [],
    "whatsapp": [],
    "social_links": [],
    "opening_hours": "Business Hours Monday 8:00am - 4:00pm Tuesday 8:00am - 4:00pm Wednesday 8:00am - 4:00pm Thursday 8:00am - 4:00pm Friday 8:00am - 4:00pm Saturday 8:00am - 1:00pm Sunday Closed",
    "materials": [
      "Steel",
      "Brass",
      "Scrap Metal",
      "Aluminum",
      "Lead",
      "Copper"
    ],
    "material_prices": [],
    "description": "Universal Service Recycling Provides Scrap Metal Recycling Services Throughout the Carson City, NV Area."
  },
  {
    "name": "All Japanese Auto Parts inEast Los Angeles (CA)",
    "website": "https://usjunkyards.com/st-california/cy-los-angeles/ci-east-los-angeles/yd-19908-all-japanese-auto-parts/",
    "street_address": "2018\n\t\t\t\t\t\t\t\t\t\t\t\n\n\n\n\n\n\n\n\n\n \nAdr",
    "city": "ian Di",
    "region": "AZ",
    "postal_code": "",
    "country": "United States",
    "phones": [
      "(323) 564-7900",
      "(888) 853-0481"
    ],
    "emails": [],
    "whatsapp": [],
    "social_links": [],
    "opening_hours": "",
    "materials": [
      "Iron",
      "Auto Parts",
      "Scrap Metal"
    ],
    "material_prices": [],
    "description": "All Japanese Auto Parts is located in the city of East Los Angeles, CA  ᐉ Contact information, reviews, photos, and opening hours are on our USJunkYards salvage yard database."
  },
  {
    "name": "Metal",
    "website": "https://www.sandiegocounty.gov/content/sdc/dpw/recycling/Metal.html",
    "street_address": "3900  2-1-1 San\n  Diego Board of Supervisors Department Contact",
    "city": "s Med",
    "region": "IA",
    "postal_code": "",
    "country": "United States",
    "phones": [],
    "emails": [
      "recycle@sdcounty.ca.gov"
    ],
    "whatsapp": [],
    "social_links": [],
    "opening_hours": "",
    "materials": [
      "Iron",
      "Steel",
      "Scrap Metal",
      "Electronic",
      "Aluminum"
    ],
    "material_prices": [],
    "description": ""
  },
  {
    "name": "Scrap Metal Buying in Los Angeles and San Diego",
    "website": "https://www.ekcometals.com/",
    "street_address": "2846 Commercial St",
    "city": "San Diego",
    "region": "CA",
    "postal_code": "92113",
    "country": "United States",
    "phones": [
      "(619) 756-6696",
      "(323) 264-1615"
    ],
    "emails": [],
    "whatsapp": [],
    "social_links": [],
    "opening_hours": "",
    "materials": [
      "Iron",
      "Steel",
      "Brass",
      "Scrap Metal",
      "Aluminum",
      "Copper"
    ],
    "material_prices": [],
    "description": "With locations in Los Angeles and San Diego, Ekco Metals is a trusted scrap yard offering processing and recycling of ferrous and non-ferrous metals."
  },
  {
    "name": "Del Paso Auto Dismantlers inSacramento (CA)",
    "website": "https://usjunkyards.com/st-california/cy-sacramento/ci-sacramento/yd-2234-del-paso-auto-dismantlers/",
    "street_address": "2020\n\t\t\t\t\t\t\t\t\t\t\t\n\n\n\n\n\n\n\n\n\n \nNick Caffrey\n\n\n\nBest parts st",
    "city": "ore arou",
    "region": "ND",
    "postal_code": "",
    "country": "United States",
    "phones": [
      "(916) 260-7340",
      "(888) 853-0481"
    ],
    "emails": [],
    "whatsapp": [],
    "social_links": [],
    "opening_hours": "",
    "materials": [
      "Auto Parts",
      "Aluminum",
      "Scrap Metal"
    ],
    "material_prices": [],
    "description": "Del Paso Auto Dismantlers is located in the city of Sacramento, CA  ᐉ Contact information, reviews, photos, and opening hours are on our USJunkYards salvage yard database."
  },
  {
    "name": "We Sell Used Car Parts",
    "website": "https://www.jiautodismantling.com/",
    "street_address": "5226   \n      Monday to Friday 8AM-5PM      Saturday 8AM-2PM      Sunday Closed  \n       969 Heritage Rd",
    "city": "San Diego",
    "region": "CA",
    "postal_code": "92154",
    "country": "United States",
    "phones": [
      "(619) 816-5226"
    ],
    "emails": [],
    "whatsapp": [],
    "social_links": [],
    "opening_hours": "",
    "materials": [
      "Auto Parts"
    ],
    "material_prices": [],
    "description": "In San Diego, California, J&I Auto Dismantling is the best place to find all used auto parts. 969 Heritage Rd San Diego, CA 92154"
  },
  {
    "name": "Ace Auto Wrecking",
    "website": "https://iscrapapp.com/yards/us-california-sacramento-ace-auto-wrecking/",
    "street_address": "75\nFire Wire\nForktruck Battery\nFSX 414\nFuses\nGold\nHard Drive Boards\nHard Drives\nHard Drives without Boards\nHastelloy Solids\nHastelloy Turnings\nHeliax Wire\nHigh Speed Steel\nHousewire\nIncomplete Car\nInconel\nInconel 792\nInconel 800\nInconel 825\nInk Cartridges\nInsulated Aluminum Wire\nInsulated Copper Cable\nInsulated Copper Wire\nInsulated Steel BX\nInvar\nJunkshop Extrusion\nKeyboard",
    "city": "s\nKov",
    "region": "AR",
    "postal_code": "",
    "country": "United States",
    "phones": [
      "(916) 443-8299"
    ],
    "emails": [],
    "whatsapp": [],
    "social_links": [],
    "opening_hours": "",
    "materials": [
      "Iron",
      "Steel",
      "Catalytic Converter",
      "Brass",
      "Scrap Metal",
      "Zinc",
      "Battery",
      "Stainless Steel",
      "Aluminum",
      "Lead"
    ],
    "material_prices": [],
    "description": "Ace Auto Wrecking A Scrap Metal Yard and An Auto Salvage Yard in Sacramento, California Carries Various Car Parts and Auto Salvage Vehicles"
  },
  {
    "name": "Professional Scrap Metal Recycling Services",
    "website": "https://www.mikesrecyclinginc.com/",
    "street_address": "1778 Broadway",
    "city": "Chu",
    "region": "LA",
    "postal_code": "",
    "country": "United States",
    "phones": [],
    "emails": [],
    "whatsapp": [],
    "social_links": [],
    "opening_hours": "",
    "materials": [
      "Iron",
      "Brass",
      "Scrap Metal",
      "Aluminum",
      "Copper"
    ],
    "material_prices": [],
    "description": "Are you looking to scrap metal in Chula Vista, CA? Stop by Mike’s Recycling, Inc, to get fast cash."
  },
  {
    "name": "California Certified Recycling",
    "website": "https://www.sanchezrecycling.net/",
    "street_address": "1130 W. 6th St.",
    "city": "Corona",
    "region": "CA",
    "postal_code": "92882",
    "country": "United States",
    "phones": [
      "(714) 465-6732",
      "(714) 793-9934"
    ],
    "emails": [],
    "whatsapp": [],
    "social_links": [],
    "opening_hours": "",
    "materials": [
      "Iron",
      "Steel",
      "Brass",
      "Scrap Metal",
      "Stainless Steel",
      "Aluminum",
      "Copper"
    ],
    "material_prices": [],
    "description": "We offer 4 locations to serve you! Cans, plastic, glass. We also offer roll off service. Call us today!"
  },
  {
    "name": "Metal Recycling Los Angeles",
    "website": "https://www.tmscrapmetals.com/metal-recycling-los-angeles/",
    "street_address": "11092 Tuxford St",
    "city": "Sun Valley",
    "region": "CA",
    "postal_code": "91352",
    "country": "United States",
    "phones": [
      "(818) 771-0510"
    ],
    "emails": [
      "771-0510info@tmscrapmetals.comhours"
    ],
    "whatsapp": [],
    "social_links": [],
    "opening_hours": "",
    "materials": [
      "Iron",
      "Steel",
      "Brass",
      "Scrap Metal",
      "Stainless Steel",
      "Aluminum",
      "Copper",
      "Appliance"
    ],
    "material_prices": [],
    "description": "Metal recycling in Los Angeles, CA. We pay top prices for scrap metal. Need your scrap picked up? We offer mobile recycling and can come to you. Call today!"
  },
  {
    "name": "Hours of Operation",
    "website": "https://www.metalrecyclingservicesofcalifornia.com/",
    "street_address": "",
    "city": "",
    "region": "",
    "postal_code": "",
    "country": "United States",
    "phones": [
      "(266) 942-2155"
    ],
    "emails": [
      "touchcustomerservice@mrsofca.com",
      "customerservice@mrsofca.com"
    ],
    "whatsapp": [],
    "social_links": [],
    "opening_hours": "",
    "materials": [
      "Steel",
      "Catalytic Converter",
      "Brass",
      "Stainless Steel",
      "Aluminum",
      "Copper"
    ],
    "material_prices": [],
    "description": "Metal Recycling , Scrap Yard buyers of Copper, Aluminum, HVAC , in Southern California"
  },
  {
    "name": "Ajax Auto Dismantlers Inc",
    "website": "https://iscrapapp.com/yards/us-california-san-francisco-ajax-auto-dismantlers-inc/",
    "street_address": "2895 3rd St",
    "city": "San Francis",
    "region": "CO",
    "postal_code": "",
    "country": "United States",
    "phones": [
      "(415) 821-3100"
    ],
    "emails": [],
    "whatsapp": [],
    "social_links": [],
    "opening_hours": "",
    "materials": [
      "Iron",
      "Steel",
      "Catalytic Converter",
      "Brass",
      "Zinc",
      "Battery",
      "Stainless Steel",
      "Aluminum",
      "Lead",
      "Copper"
    ],
    "material_prices": [],
    "description": "Ajax Auto Dismantlers Inc, Auto Wrecker and Salvage Yard in San Francisco, California"
  },
  {
    "name": "The Case",
    "website": "https://calmetalrecyclers.com/thecase/",
    "street_address": "404\n\n\n\n\n\nGot a quest",
    "city": "ion",
    "region": "OR",
    "postal_code": "",
    "country": "United States",
    "phones": [],
    "emails": [],
    "whatsapp": [],
    "social_links": [],
    "opening_hours": "",
    "materials": [
      "Iron",
      "Scrap Metal"
    ],
    "material_prices": [],
    "description": ""
  },
  {
    "name": "Scrap Metal Recycling San Jose - Alco Metals",
    "website": "https://alcometals.com/scrap-metal-recycling-san-jose/",
    "street_address": "39 MB.\t\t\t\t\t\t\t\n\n\n\n \n\n\n\nSend\n\n\n\n\n\n\n\n\n\n\n\n\n\nSan Leandro Headquarters \n\n\n\n\t\t\t\t\t\t\t\t\t2140 Davis St.",
    "city": "San Leandro",
    "region": "CA",
    "postal_code": "94577",
    "country": "United States",
    "phones": [
      "(408) 436-1107",
      "(510) 562-1107",
      "(707) 562-1107"
    ],
    "emails": [
      "info@alcometals.com",
      "getaquote@alcometals.com"
    ],
    "whatsapp": [],
    "social_links": [],
    "opening_hours": "",
    "materials": [
      "Iron",
      "Steel",
      "Brass",
      "Scrap Metal",
      "Stainless Steel",
      "Aluminum",
      "Lead",
      "Copper",
      "Appliance"
    ],
    "material_prices": [],
    "description": ""
  },
  {
    "name": "Phelps Auto Wreckers",
    "website": "http://recycler.car-part.com/PhelpsAuto/",
    "street_address": "2622 Eden Road",
    "city": "San Leandro",
    "region": "CA",
    "postal_code": "94577",
    "country": "United States",
    "phones": [
      "(510) 569-4204",
      "(510) 569-4845"
    ],
    "emails": [
      "phelpsautoparts@yahoo.com"
    ],
    "whatsapp": [],
    "social_links": [],
    "opening_hours": "",
    "materials": [],
    "material_prices": [],
    "description": "Phelps Auto Wreckers: serving the San Leandro, CA area with quality used parts"
  },
  {
    "name": "San Jose Yard - Alco Metals",
    "website": "https://alcometals.com/san-jose/",
    "street_address": "1788 Rogers Ave.",
    "city": "San Jose",
    "region": "CA",
    "postal_code": "95112",
    "country": "United States",
    "phones": [
      "(408) 436-1107",
      "(510) 562-1107",
      "(408) 452-1354"
    ],
    "emails": [
      "info@alcometals.com",
      "sanjose@alcometals.com"
    ],
    "whatsapp": [],
    "social_links": [],
    "opening_hours": "",
    "materials": [
      "Iron",
      "Scrap Metal",
      "Appliance"
    ],
    "material_prices": [],
    "description": ""
  },
  {
    "name": "Los Angeles Scrap Metal Buyers & Recycling Centers",
    "website": "https://scrapvisor.com/california/los-angeles/",
    "street_address": "0\n\n\n\n\n\n\n\n\nSmart Recycling\n414 W C St",
    "city": "Los Angeles",
    "region": "CA",
    "postal_code": "90744",
    "country": "United States",
    "phones": [
      "(323) 566-5702",
      "(323) 234-4662",
      "(310) 830-8277"
    ],
    "emails": [],
    "whatsapp": [],
    "social_links": [],
    "opening_hours": "",
    "materials": [
      "Iron",
      "Steel",
      "Brass",
      "Scrap Metal",
      "Zinc",
      "Stainless Steel",
      "Aluminum",
      "Lead",
      "Copper"
    ],
    "material_prices": [],
    "description": "Find trusted scrap metal buyers and recycling centers in Los Angeles. View up-to-date scrap metal prices, explore our interactive map of local scrap yards, and connect with reputable companies for fast and profitable scrap sales."
  },
  {
    "name": "Interstate VW Junkyard California",
    "website": "https://www.classiccult.com/blog/interstate-vw-junkyard.html",
    "street_address": "18181 Collier Ave",
    "city": "Lake Elsinore",
    "region": "CA",
    "postal_code": "92530",
    "country": "United States",
    "phones": [
      "(951) 471-5080",
      "(806) 789-9305"
    ],
    "emails": [
      "jonlem1@twc.com"
    ],
    "whatsapp": [],
    "social_links": [],
    "opening_hours": "",
    "materials": [],
    "material_prices": [],
    "description": ""
  },
  {
    "name": "LOCATIONS | Nevada Recycling",
    "website": "https://www.nevadarecycling.com/locations",
    "street_address": "4611 Mitchell St",
    "city": "North Las Vegas",
    "region": "NV",
    "postal_code": "89081",
    "country": "United States",
    "phones": [
      "(702) 856-0866",
      "(702) 643-2218"
    ],
    "emails": [
      "dispatch@nevadarecycling.com",
      "asanford@nevadarecycling.com",
      "sean@nevadarecycling.com"
    ],
    "whatsapp": [],
    "social_links": [],
    "opening_hours": "",
    "materials": [
      "Iron",
      "Steel",
      "Scrap Metal"
    ],
    "material_prices": [],
    "description": "We have two convenient locations! Nevada Recycling is located in North Las Vegas and Henderson."
  },
  {
    "name": "A & R Scrap Metal Recycling CompanyA Scrap Metal Buyer in South San Francisco, California",
    "website": "https://www.armetalrecyclers.com/scrap-metal-buyer-south-san-francisco-california.html",
    "street_address": "",
    "city": "",
    "region": "",
    "postal_code": "",
    "country": "United States",
    "phones": [
      "(713) 410-8333"
    ],
    "emails": [],
    "whatsapp": [],
    "social_links": [],
    "opening_hours": "",
    "materials": [
      "Scrap Metal"
    ],
    "material_prices": [],
    "description": "A & R Scrap Metal Recycling Company, scrap metal buyer in South San Francisco, California, scrap metal recycler, recycle scrap metal, scrap metal prices, scrap buyer, South San Francisco, California, CO"
  },
  {
    "name": "Nevada Scrap Metal Buyers & Recycling Centers",
    "website": "https://scrapvisor.com/nevada/",
    "street_address": "175 Lyon Dr",
    "city": "Fernley",
    "region": "NV",
    "postal_code": "89408",
    "country": "United States",
    "phones": [
      "(775) 209-0077",
      "(775) 815-6103",
      "(775) 200-0369"
    ],
    "emails": [],
    "whatsapp": [],
    "social_links": [],
    "opening_hours": "",
    "materials": [
      "Iron",
      "Steel",
      "Brass",
      "Scrap Metal",
      "Zinc",
      "Stainless Steel",
      "Aluminum",
      "Lead",
      "Copper"
    ],
    "material_prices": [],
    "description": "Find trusted scrap metal buyers and recycling centers in Nevada. View up-to-date scrap metal prices, explore our interactive map of local scrap yards, and connect with reputable companies for fast and profitable scrap sales."
  },
  {
    "name": "Franks Auto Truck Salvage, LLC",
    "website": "http://recycler.car-part.com/FranksAuto/",
    "street_address": "3625 S Meridian Unit C\r\n\t\t\t\tApache Junct",
    "city": "ion",
    "region": "AZ",
    "postal_code": "85120",
    "country": "United States",
    "phones": [
      "(800) 863-3135",
      "(480) 983-3135",
      "(480) 983-0807"
    ],
    "emails": [
      "fats8210@yahoo.com"
    ],
    "whatsapp": [],
    "social_links": [],
    "opening_hours": "",
    "materials": [],
    "material_prices": [],
    "description": "Franks Auto Truck Salvage, LLC: serving the Phoenix, AZ area with quality used parts"
  },
  {
    "name": "San Francisco California Junkyards & Salvage Yards",
    "website": "https://www.kellysjunkyards.com/california/san-francisco.html",
    "street_address": "",
    "city": "San Francisco",
    "region": "CA",
    "postal_code": "94102",
    "country": "United States",
    "phones": [
      "(877) 345-3559"
    ],
    "emails": [],
    "whatsapp": [],
    "social_links": [],
    "opening_hours": "",
    "materials": [],
    "material_prices": [],
    "description": ""
  },
  {
    "name": "JunkYards inSan Diego (California)",
    "website": "https://usjunkyards.com/st-california/cy-san-diego/ci-san-diego/",
    "street_address": "217 Reviews\n\n\n\n\n\nView Junkyard",
    "city": "Sell C",
    "region": "AR",
    "postal_code": "",
    "country": "United States",
    "phones": [
      "(888) 871-4488",
      "(888) 853-0481"
    ],
    "emails": [],
    "whatsapp": [],
    "social_links": [],
    "opening_hours": "",
    "materials": [
      "Auto Parts",
      "Lead",
      "Scrap Metal"
    ],
    "material_prices": [],
    "description": "Looking for JunkYards in San Diego, CA? Discover top car salvage yards near you to sell your junk car for cash or find auto parts. Visit USJunkYards.com for the best deals in your area!"
  },
  {
    "name": "Call Today! 916-912-0487",
    "website": "http://www.rudysmetals.com/",
    "street_address": "750 Richards Boulevard",
    "city": "Sacramento",
    "region": "CA",
    "postal_code": "95811",
    "country": "United States",
    "phones": [
      "(916) 912-0487"
    ],
    "emails": [
      "info@rudysmetals.com"
    ],
    "whatsapp": [],
    "social_links": [],
    "opening_hours": "",
    "materials": [
      "Iron",
      "Steel",
      "Catalytic Converter",
      "Brass",
      "Aluminum",
      "Copper",
      "Appliance"
    ],
    "material_prices": [],
    "description": ""
  },
  {
    "name": "Downtown Metals & Recycling Center",
    "website": "https://www.yelp.ca/biz/downtown-metals-and-recycling-center-los-angeles",
    "street_address": "540 Alameda St",
    "city": "Los Angeles",
    "region": "CA",
    "postal_code": "90013",
    "country": "United States",
    "phones": [],
    "emails": [],
    "whatsapp": [],
    "social_links": [],
    "opening_hours": "",
    "materials": [
      "Copper",
      "Scrap Metal"
    ],
    "material_prices": [],
    "description": ""
  },
  {
    "name": "Scrap Metal Buyers San Francisco - Alco Metals",
    "website": "https://alcometals.com/scrap-metal-buyers-san-francisco/",
    "street_address": "39 MB.\t\t\t\t\t\t\t\n\n\n\n \n\n\n\nSend\n\n\n\n\n\n\n\n\n\n\n\n\n\nSan Leandro Headquarters \n\n\n\n\t\t\t\t\t\t\t\t\t2140 Davis St.",
    "city": "San Leandro",
    "region": "CA",
    "postal_code": "94577",
    "country": "United States",
    "phones": [
      "(408) 436-1107",
      "(510) 562-1107",
      "(707) 562-1107"
    ],
    "emails": [
      "info@alcometals.com",
      "getaquote@alcometals.com"
    ],
    "whatsapp": [],
    "social_links": [],
    "opening_hours": "",
    "materials": [
      "Iron",
      "Steel",
      "Brass",
      "Scrap Metal",
      "Zinc",
      "Lead",
      "Copper",
      "Appliance"
    ],
    "material_prices": [],
    "description": ""
  },
  {
    "name": "West Side Metal Recycling - Scrap Metal Recycling, Liquidations, Metal Recycling Center",
    "website": "http://www.wsrecycling.com/",
    "street_address": "6449 San Fernando Rd.",
    "city": "Glendale",
    "region": "CA",
    "postal_code": "91201",
    "country": "United States",
    "phones": [],
    "emails": [
      "info@wsrecycling.com",
      "mario@wsrecycling.com"
    ],
    "whatsapp": [],
    "social_links": [],
    "opening_hours": "",
    "materials": [
      "Electronic",
      "Scrap Metal"
    ],
    "material_prices": [],
    "description": "All purpose scrap metal recycling company. We also handle business customers, liquidations, excess inventory, facility cleanouts, etc. Call us today"
  },
  {
    "name": "Auto Salvage | Inglewood | Pico Rivera | Norwalk | 323-583-1094",
    "website": "https://upickpartsla.com/find-used-auto-parts.html",
    "street_address": "1094 \n\n\n\n\n\n\n\n\n\n\n\n\n\n\n\n\n\n\n\n\n\n\n\n\n\n\n\n\n\n\n\n\n\n\n\n\n\n\n\n\n323-583-1094\n\n\n\n\n\n\n\n\nToggle navigation\n\n\n\nHOME\nWE BUY JUNK CARS\nGALLERY\nSEARCH INVENTORY\nABOUT\nCONTACT\n\n\n\n\n\n\nSEARCH OUR INVENTORY\n\n\n \n\n\n\n\n\n\n\n\n\n\n       8103 South Alameda Street",
    "city": "Los Angeles",
    "region": "CA",
    "postal_code": "90001-4108",
    "country": "United States",
    "phones": [
      "(323) 583-1094"
    ],
    "emails": [],
    "whatsapp": [],
    "social_links": [],
    "opening_hours": "",
    "materials": [],
    "material_prices": [],
    "description": "Pick your part at our auto salvage yard and save serving Compton, Downey, Inglewood and beyond in Southern CA."
  },
  {
    "name": "San Jose Metals Inc. | Scrap Metal Recycling Solutions",
    "website": "https://sanjosemetalsinc.com/",
    "street_address": "",
    "city": "",
    "region": "",
    "postal_code": "",
    "country": "United States",
    "phones": [],
    "emails": [
      "questions@sanjosemetalsinc.com"
    ],
    "whatsapp": [],
    "social_links": [],
    "opening_hours": "",
    "materials": [
      "Steel",
      "Catalytic Converter",
      "Brass",
      "Scrap Metal",
      "Stainless Steel",
      "Aluminum",
      "Copper",
      "Appliance"
    ],
    "material_prices": [],
    "description": "Jose Metals Inc. offers efficient and sustainable scrap metal recycling solutions. We provide reliable services for individuals and businesses, helping you turn your scrap into valuable resources. Contact us today for all your metal recycling needs."
  },
  {
    "name": "Junkyards list inSacramento (CA)",
    "website": "https://usjunkyards.com/st-california/cy-sacramento/",
    "street_address": "",
    "city": "",
    "region": "",
    "postal_code": "",
    "country": "United States",
    "phones": [
      "(888) 853-0481"
    ],
    "emails": [],
    "whatsapp": [],
    "social_links": [],
    "opening_hours": "",
    "materials": [
      "Battery",
      "Auto Parts",
      "Scrap Metal"
    ],
    "material_prices": [],
    "description": "This page has compiled the nearest junkyards and auto salvage in Sacramento County, CA. ⭐ On this page, you can locate the nearest junkyards and salvage yards to find parts for your vehicle or to sell it."
  }
]